{
  "meta": {
    "siteName": "LearnNepal",
    "description": "Premium NEB Class 11 & 12 Notes",
    "footerText": "Empowering NEB students with high-quality, structured, and accessible digital notes."
  },
  "posts": [],
  "pages": {
    "home": {
      "hero": {
        "badge": "NEB Class 11 & 12",
        "title": "Excellence in Education starts with the right notes.",
        "subtitle": "Premium, structured, and curriculum-aligned notes for English, Nepali, and Computer Science. Designed for top-performing students in Nepal.",
        "buttonPrimary": "Browse Classes",
        "buttonSecondary": "Read Syllabus"
      },
      "features": {
        "feature1Title": "Lightning Fast",
        "feature1Desc": "Optimized for speed. No lag, no bloat. Just pure knowledge delivered instantly.",
        "feature2Title": "Curriculum Focused",
        "feature2Desc": "Strictly based on the latest NEB syllabus for Class 11 and 12.",
        "feature3Title": "Mobile First",
        "feature3Desc": "Study anywhere, anytime. Perfectly adapted for all device sizes."
      }
    },
    "about": {
      "hero": {
        "title": "About LearnNepal",
        "subtitle": "We are a team of educators dedicated to digitizing education in Nepal."
      },
      "content": {
        "mission": "To provide free, high-quality educational resources to every student in Nepal.",
        "vision": "A future where quality education is accessible to everyone, regardless of location."
      }
    },
    "contact": {
      "info": {
        "email": "hello@learnnepal.com",
        "location": "Kathmandu, Nepal",
        "phone": "+977 9800000000"
      }
    },
    "ads": {
        "banner1": "",
        "sidebarAd": ""
    }
  }
}